#timestamp [ns],filename
5666729235753115064,5666729235753115064.jpg
-8357386613555412008,-8357386613555412008.jpg
-8357386613474984008,-8357386613474984008.jpg
-8357386613410373008,-8357386613410373008.jpg
-8357386613293267008,-8357386613293267008.jpg
-8357386613219525008,-8357386613219525008.jpg
-8357386613099913008,-8357386613099913008.jpg
-8357386612993552008,-8357386612993552008.jpg
-8357386612901444008,-8357386612901444008.jpg
-8357386612821399008,-8357386612821399008.jpg
-8357386612747789008,-8357386612747789008.jpg
-8357386612673972008,-8357386612673972008.jpg
